{
  "version": "1.0",
  "defaultProvider": "cdnjs",
  "libraries": [{
  "provider": "cdnjs",
  "library": "datatables@1.10.21",
  "destination": "wwwroot/lib/jquery/dist/datatables/"
}
,
{
  "provider": "cdnjs",
  "library": "datatables@1.10.21",
  "destination": "wwwroot/lib/datatables/"
}
,
{
  "provider": "cdnjs",
  "library": "jquery@3.6.0",
  "destination": "wwwroot/jquery/",
  "files": [
    "jquery.min.js",
    "jquery.js"
  ]
}
,
{
  "provider": "cdnjs",
  "library": "datatables@1.10.21",
  "destination": "wwwroot/lib/datatables/"
}
]
}